packet_id,phase,sensitivity,threat_state,bandwidth_kbps,tier_selected,cipher_name,latency_ms,energy_uj
1,Benign,1,0,68.7,2,Tier 3 (ECDH+AES),5.2212,199.4498
2,Benign,1,0,143.6,2,Tier 3 (ECDH+AES),0.2493,9.5233
3,Benign,1,0,115.2,2,Tier 3 (ECDH+AES),0.2216,8.4651
4,Benign,1,0,97.8,2,Tier 3 (ECDH+AES),0.2148,8.2054
5,Benign,1,0,40.3,2,Tier 3 (ECDH+AES),0.2142,8.1824
6,Benign,1,0,40.3,2,Tier 3 (ECDH+AES),0.1868,7.1358
7,Benign,1,0,27.6,2,Tier 3 (ECDH+AES),0.1865,7.1243
8,Benign,1,0,132.6,2,Tier 3 (ECDH+AES),0.2017,7.7049
9,Benign,1,0,98.1,2,Tier 3 (ECDH+AES),0.2066,7.8921
10,Benign,1,0,112.0,2,Tier 3 (ECDH+AES),0.1978,7.556
11,Benign,1,0,22.7,2,Tier 3 (ECDH+AES),0.1909,7.2924
12,Benign,1,0,146.1,2,Tier 3 (ECDH+AES),0.1893,7.2313
13,Benign,1,0,128.2,2,Tier 3 (ECDH+AES),0.187,7.1434
14,Benign,1,0,47.6,2,Tier 3 (ECDH+AES),0.1861,7.109
15,Benign,1,0,43.6,2,Tier 3 (ECDH+AES),0.1853,7.0785
16,Benign,1,0,43.8,2,Tier 3 (ECDH+AES),0.1855,7.0861
17,Benign,1,0,59.6,2,Tier 3 (ECDH+AES),0.1846,7.0517
18,Benign,1,0,88.2,2,Tier 3 (ECDH+AES),0.1843,7.0403
19,Benign,1,0,76.2,2,Tier 3 (ECDH+AES),0.1843,7.0403
20,Benign,1,0,57.9,2,Tier 3 (ECDH+AES),0.1951,7.4528
21,Benign,1,0,99.5,2,Tier 3 (ECDH+AES),0.1849,7.0632
22,Benign,1,0,38.1,2,Tier 3 (ECDH+AES),0.1843,7.0403
23,Benign,1,0,58.0,2,Tier 3 (ECDH+AES),0.1846,7.0517
24,Benign,1,0,67.6,2,Tier 3 (ECDH+AES),0.2883,11.0131
25,Benign,1,0,79.3,2,Tier 3 (ECDH+AES),0.2258,8.6256
26,Benign,1,0,122.1,2,Tier 3 (ECDH+AES),0.2045,7.8119
27,Benign,1,0,46.0,2,Tier 3 (ECDH+AES),0.1783,6.8111
28,Benign,1,0,86.9,2,Tier 3 (ECDH+AES),0.1822,6.96
29,Benign,1,0,97.0,2,Tier 3 (ECDH+AES),0.1692,6.4634
30,Benign,1,0,26.0,2,Tier 3 (ECDH+AES),0.1679,6.4138
31,Benign,1,0,99.0,2,Tier 3 (ECDH+AES),0.1658,6.3336
32,Benign,1,0,42.2,2,Tier 3 (ECDH+AES),0.1656,6.3259
33,Benign,1,0,28.5,2,Tier 3 (ECDH+AES),0.165,6.303
34,Benign,1,0,143.4,2,Tier 3 (ECDH+AES),0.1643,6.2763
35,Benign,1,0,145.5,2,Tier 3 (ECDH+AES),0.164,6.2648
36,Benign,1,0,125.1,2,Tier 3 (ECDH+AES),0.1643,6.2763
37,Benign,1,0,59.6,2,Tier 3 (ECDH+AES),0.1647,6.2915
38,Benign,1,0,32.7,2,Tier 3 (ECDH+AES),0.1748,6.6774
39,Benign,1,0,109.0,2,Tier 3 (ECDH+AES),0.1644,6.2801
40,Benign,1,0,77.2,2,Tier 3 (ECDH+AES),0.1642,6.2724
41,Benign,1,0,35.9,2,Tier 3 (ECDH+AES),0.164,6.2648
42,Benign,1,0,84.4,2,Tier 3 (ECDH+AES),0.1639,6.261
43,Benign,1,0,24.5,2,Tier 3 (ECDH+AES),0.1642,6.2724
44,Benign,1,0,138.2,2,Tier 3 (ECDH+AES),0.1643,6.2763
45,Benign,1,0,53.6,2,Tier 3 (ECDH+AES),0.1635,6.2457
46,Benign,1,0,106.1,2,Tier 3 (ECDH+AES),0.1642,6.2724
47,Benign,1,0,60.5,2,Tier 3 (ECDH+AES),0.1657,6.3297
48,Benign,1,0,87.6,2,Tier 3 (ECDH+AES),0.1855,7.0861
49,Benign,1,0,91.1,2,Tier 3 (ECDH+AES),0.2774,10.5967
50,Benign,1,0,44.0,2,Tier 3 (ECDH+AES),0.3003,11.4715
51,Benign,1,0,146.0,2,Tier 3 (ECDH+AES),0.2654,10.1383
52,Benign,1,0,120.8,2,Tier 3 (ECDH+AES),0.2574,9.8327
53,Benign,1,0,142.1,2,Tier 3 (ECDH+AES),0.2496,9.5347
54,Benign,1,0,136.3,2,Tier 3 (ECDH+AES),0.2056,7.8539
55,Benign,1,0,97.7,2,Tier 3 (ECDH+AES),0.1628,6.219
56,Benign,1,0,139.8,2,Tier 3 (ECDH+AES),0.1516,5.7911
57,Benign,1,0,31.5,2,Tier 3 (ECDH+AES),0.1492,5.6994
58,Benign,1,0,45.5,2,Tier 3 (ECDH+AES),0.1496,5.7147
59,Benign,1,0,25.9,2,Tier 3 (ECDH+AES),0.1489,5.688
60,Benign,1,0,62.3,2,Tier 3 (ECDH+AES),0.1487,5.6803
61,Benign,1,0,70.5,2,Tier 3 (ECDH+AES),0.1492,5.6994
62,Benign,1,0,55.3,2,Tier 3 (ECDH+AES),0.149,5.6918
63,Benign,1,0,127.7,2,Tier 3 (ECDH+AES),0.1485,5.6727
64,Benign,1,0,66.4,2,Tier 3 (ECDH+AES),0.1483,5.6651
65,Benign,1,0,56.5,2,Tier 3 (ECDH+AES),0.1493,5.7033
66,Benign,1,0,90.6,2,Tier 3 (ECDH+AES),0.1497,5.7185
67,Benign,1,0,38.3,2,Tier 3 (ECDH+AES),0.1643,6.2763
68,Benign,1,0,124.3,2,Tier 3 (ECDH+AES),0.1809,6.9104
69,Benign,1,0,29.7,2,Tier 3 (ECDH+AES),0.1517,5.7949
70,Benign,1,0,148.3,2,Tier 3 (ECDH+AES),0.1492,5.6994
71,Benign,1,0,120.4,2,Tier 3 (ECDH+AES),0.1499,5.7262
72,Benign,1,0,45.8,2,Tier 3 (ECDH+AES),0.1492,5.6994
73,Benign,1,0,20.7,2,Tier 3 (ECDH+AES),0.1491,5.6956
74,Benign,1,0,126.0,2,Tier 3 (ECDH+AES),0.1486,5.6765
75,Benign,1,0,111.9,2,Tier 3 (ECDH+AES),0.1488,5.6842
76,Benign,1,0,114.8,2,Tier 3 (ECDH+AES),0.1587,6.0623
77,Benign,1,0,120.3,2,Tier 3 (ECDH+AES),0.1451,5.5428
78,Benign,1,0,29.6,2,Tier 3 (ECDH+AES),0.1547,5.9095
79,Benign,1,0,66.6,2,Tier 3 (ECDH+AES),0.1455,5.5581
80,Benign,1,0,35.1,2,Tier 3 (ECDH+AES),0.1453,5.5505
81,Benign,1,0,132.2,2,Tier 3 (ECDH+AES),0.1451,5.5428
82,Benign,1,0,101.0,2,Tier 3 (ECDH+AES),0.1446,5.5237
83,Benign,1,0,63.0,2,Tier 3 (ECDH+AES),0.1447,5.5275
84,Benign,1,0,28.3,2,Tier 3 (ECDH+AES),0.1447,5.5275
85,Benign,1,0,60.4,2,Tier 3 (ECDH+AES),0.1451,5.5428
86,Benign,1,0,62.3,2,Tier 3 (ECDH+AES),0.1447,5.5275
87,Benign,1,0,114.8,2,Tier 3 (ECDH+AES),0.1449,5.5352
88,Benign,1,0,102.9,2,Tier 3 (ECDH+AES),0.1748,6.6774
89,Benign,1,0,135.3,2,Tier 3 (ECDH+AES),0.2046,7.8157
90,Benign,1,0,81.4,2,Tier 3 (ECDH+AES),0.1615,6.1693
91,Benign,1,0,35.5,2,Tier 3 (ECDH+AES),0.2065,7.8883
92,Benign,1,0,112.7,2,Tier 3 (ECDH+AES),0.1992,7.6094
93,Benign,1,0,118.9,2,Tier 3 (ECDH+AES),0.1455,5.5581
94,Benign,1,0,93.0,2,Tier 3 (ECDH+AES),0.1462,5.5848
95,Benign,1,0,120.2,2,Tier 3 (ECDH+AES),0.1463,5.5887
96,Benign,1,0,84.2,2,Tier 3 (ECDH+AES),0.1456,5.5619
97,Benign,1,0,88.0,2,Tier 3 (ECDH+AES),0.1451,5.5428
98,Benign,1,0,75.6,2,Tier 3 (ECDH+AES),0.1447,5.5275
99,Benign,1,0,23.3,2,Tier 3 (ECDH+AES),0.1443,5.5123
100,Benign,1,0,34.0,2,Tier 3 (ECDH+AES),0.1482,5.6612
101,DDoS Attack,1,1,783.0,2,Tier 3 (ECDH+AES),0.1453,5.5505
102,DDoS Attack,1,1,1418.2,2,Tier 3 (ECDH+AES),0.1452,5.5466
103,DDoS Attack,1,1,1080.1,2,Tier 3 (ECDH+AES),0.1447,5.5275
104,DDoS Attack,1,1,1284.0,2,Tier 3 (ECDH+AES),0.1448,5.5314
105,DDoS Attack,1,1,1702.9,2,Tier 3 (ECDH+AES),0.1449,5.5352
106,DDoS Attack,1,1,1011.8,2,Tier 3 (ECDH+AES),0.1445,5.5199
107,DDoS Attack,1,1,1180.9,2,Tier 3 (ECDH+AES),0.1447,5.5275
108,DDoS Attack,1,1,1543.3,2,Tier 3 (ECDH+AES),0.1443,5.5123
109,DDoS Attack,1,1,990.2,2,Tier 3 (ECDH+AES),0.1448,5.5314
110,DDoS Attack,1,1,830.8,2,Tier 3 (ECDH+AES),0.1441,5.5046
111,DDoS Attack,1,1,1054.2,2,Tier 3 (ECDH+AES),0.2175,8.3085
112,DDoS Attack,1,1,919.3,2,Tier 3 (ECDH+AES),0.1809,6.9104
113,DDoS Attack,1,1,1726.2,2,Tier 3 (ECDH+AES),0.2683,10.2491
114,DDoS Attack,1,1,1598.5,2,Tier 3 (ECDH+AES),0.1886,7.2045
115,DDoS Attack,1,1,1415.1,2,Tier 3 (ECDH+AES),0.1476,5.6383
116,DDoS Attack,1,1,1665.0,2,Tier 3 (ECDH+AES),0.147,5.6154
117,DDoS Attack,1,1,1593.9,2,Tier 3 (ECDH+AES),0.1462,5.5848
118,DDoS Attack,1,1,945.9,2,Tier 3 (ECDH+AES),0.1455,5.5581
119,DDoS Attack,1,1,1687.2,2,Tier 3 (ECDH+AES),0.1463,5.5887
120,DDoS Attack,1,1,1316.3,2,Tier 3 (ECDH+AES),0.1452,5.5466
121,DDoS Attack,1,1,1597.8,2,Tier 3 (ECDH+AES),0.1548,5.9134
122,DDoS Attack,1,1,1690.9,2,Tier 3 (ECDH+AES),0.1462,5.5848
123,DDoS Attack,1,1,1083.9,2,Tier 3 (ECDH+AES),0.1455,5.5581
124,DDoS Attack,1,1,865.6,2,Tier 3 (ECDH+AES),0.1452,5.5466
125,DDoS Attack,1,1,989.3,2,Tier 3 (ECDH+AES),0.1448,5.5314
126,DDoS Attack,1,1,1198.5,2,Tier 3 (ECDH+AES),0.1443,5.5123
127,DDoS Attack,1,1,1608.9,2,Tier 3 (ECDH+AES),0.1448,5.5314
128,DDoS Attack,1,1,1653.8,2,Tier 3 (ECDH+AES),0.1446,5.5237
129,DDoS Attack,1,1,757.3,2,Tier 3 (ECDH+AES),0.1447,5.5275
130,DDoS Attack,1,1,1286.3,2,Tier 3 (ECDH+AES),0.1446,5.5237
131,DDoS Attack,1,1,1188.3,2,Tier 3 (ECDH+AES),0.1446,5.5237
132,DDoS Attack,1,1,983.2,2,Tier 3 (ECDH+AES),0.1443,5.5123
133,DDoS Attack,1,1,875.9,2,Tier 3 (ECDH+AES),0.1522,5.814
134,DDoS Attack,1,1,1104.5,2,Tier 3 (ECDH+AES),0.2274,8.6867
135,DDoS Attack,1,1,1740.1,2,Tier 3 (ECDH+AES),0.1897,7.2465
136,DDoS Attack,1,1,1089.4,2,Tier 3 (ECDH+AES),0.1686,6.4405
137,DDoS Attack,1,1,1294.7,2,Tier 3 (ECDH+AES),0.2052,7.8386
138,DDoS Attack,1,1,1488.2,2,Tier 3 (ECDH+AES),0.201,7.6782
139,DDoS Attack,1,1,1131.8,2,Tier 3 (ECDH+AES),0.1469,5.6116
140,DDoS Attack,1,1,1770.4,2,Tier 3 (ECDH+AES),0.1462,5.5848
141,DDoS Attack,1,1,1760.6,2,Tier 3 (ECDH+AES),0.1458,5.5696
142,DDoS Attack,1,1,1014.4,2,Tier 3 (ECDH+AES),0.1459,5.5734
143,DDoS Attack,1,1,1272.1,2,Tier 3 (ECDH+AES),0.1558,5.9516
144,DDoS Attack,1,1,1065.9,2,Tier 3 (ECDH+AES),0.1459,5.5734
145,DDoS Attack,1,1,1049.1,2,Tier 3 (ECDH+AES),0.145,5.539
146,DDoS Attack,1,1,788.7,2,Tier 3 (ECDH+AES),0.1451,5.5428
147,DDoS Attack,1,1,1390.0,2,Tier 3 (ECDH+AES),0.1449,5.5352
148,DDoS Attack,1,1,1277.8,2,Tier 3 (ECDH+AES),0.1446,5.5237
149,DDoS Attack,1,1,804.1,2,Tier 3 (ECDH+AES),0.1451,5.5428
150,DDoS Attack,1,1,1042.6,2,Tier 3 (ECDH+AES),0.145,5.539
151,DDoS Attack,1,1,1703.7,2,Tier 3 (ECDH+AES),0.1449,5.5352
152,DDoS Attack,1,1,1001.5,2,Tier 3 (ECDH+AES),0.1451,5.5428
153,DDoS Attack,1,1,902.1,2,Tier 3 (ECDH+AES),0.1444,5.5161
154,DDoS Attack,1,1,1263.9,2,Tier 3 (ECDH+AES),0.1446,5.5237
155,DDoS Attack,1,1,1784.9,2,Tier 3 (ECDH+AES),0.1538,5.8752
156,DDoS Attack,1,1,1004.2,2,Tier 3 (ECDH+AES),0.1936,7.3955
157,DDoS Attack,1,1,1455.7,2,Tier 3 (ECDH+AES),0.1943,7.4223
158,DDoS Attack,1,1,1549.7,2,Tier 3 (ECDH+AES),0.1976,7.5483
159,DDoS Attack,1,1,999.5,2,Tier 3 (ECDH+AES),0.2001,7.6438
160,DDoS Attack,1,1,1514.6,2,Tier 3 (ECDH+AES),0.1469,5.6116
161,DDoS Attack,1,1,1136.2,2,Tier 3 (ECDH+AES),0.1476,5.6383
162,DDoS Attack,1,1,1413.9,2,Tier 3 (ECDH+AES),0.1464,5.5925
163,DDoS Attack,1,1,1415.2,2,Tier 3 (ECDH+AES),0.1454,5.5543
164,DDoS Attack,1,1,1312.6,2,Tier 3 (ECDH+AES),0.145,5.539
165,DDoS Attack,1,1,844.8,2,Tier 3 (ECDH+AES),0.1535,5.8637
166,DDoS Attack,1,1,1627.1,2,Tier 3 (ECDH+AES),0.1457,5.5657
167,DDoS Attack,1,1,1086.8,2,Tier 3 (ECDH+AES),0.1455,5.5581
168,DDoS Attack,1,1,945.8,2,Tier 3 (ECDH+AES),0.1451,5.5428
169,DDoS Attack,1,1,792.8,2,Tier 3 (ECDH+AES),0.1452,5.5466
170,DDoS Attack,1,1,1370.4,2,Tier 3 (ECDH+AES),0.145,5.539
171,DDoS Attack,1,1,1461.4,2,Tier 3 (ECDH+AES),0.1448,5.5314
172,DDoS Attack,1,1,767.4,2,Tier 3 (ECDH+AES),0.1448,5.5314
173,DDoS Attack,1,1,1287.7,2,Tier 3 (ECDH+AES),0.1453,5.5505
174,DDoS Attack,1,1,987.8,2,Tier 3 (ECDH+AES),0.1448,5.5314
175,DDoS Attack,1,1,1427.4,2,Tier 3 (ECDH+AES),0.1448,5.5314
176,DDoS Attack,1,1,933.1,2,Tier 3 (ECDH+AES),0.1446,5.5237
177,DDoS Attack,1,1,1475.5,2,Tier 3 (ECDH+AES),0.1491,5.6956
178,DDoS Attack,1,1,1156.1,2,Tier 3 (ECDH+AES),0.1452,5.5466
179,DDoS Attack,1,1,1733.6,2,Tier 3 (ECDH+AES),0.2248,8.5874
180,DDoS Attack,1,1,894.4,2,Tier 3 (ECDH+AES),0.2242,8.5644
181,DDoS Attack,1,1,1108.1,2,Tier 3 (ECDH+AES),0.1678,6.41
182,DDoS Attack,1,1,869.1,2,Tier 3 (ECDH+AES),0.2134,8.1519
183,DDoS Attack,1,1,1720.9,2,Tier 3 (ECDH+AES),0.1625,6.2075
184,DDoS Attack,1,1,1671.2,2,Tier 3 (ECDH+AES),0.1461,5.581
185,DDoS Attack,1,1,1020.8,2,Tier 3 (ECDH+AES),0.1922,7.342
186,DDoS Attack,1,1,1443.0,2,Tier 3 (ECDH+AES),0.1551,5.9248
187,DDoS Attack,1,1,1608.1,2,Tier 3 (ECDH+AES),0.1469,5.6116
188,DDoS Attack,1,1,1333.0,2,Tier 3 (ECDH+AES),0.1454,5.5543
189,DDoS Attack,1,1,1306.1,2,Tier 3 (ECDH+AES),0.1453,5.5505
190,DDoS Attack,1,1,1003.9,2,Tier 3 (ECDH+AES),0.1452,5.5466
191,DDoS Attack,1,1,847.8,2,Tier 3 (ECDH+AES),0.1457,5.5657
192,DDoS Attack,1,1,1692.1,2,Tier 3 (ECDH+AES),0.1452,5.5466
193,DDoS Attack,1,1,1695.4,2,Tier 3 (ECDH+AES),0.145,5.539
194,DDoS Attack,1,1,1414.8,2,Tier 3 (ECDH+AES),0.1453,5.5505
195,DDoS Attack,1,1,1106.0,2,Tier 3 (ECDH+AES),0.1447,5.5275
196,DDoS Attack,1,1,1116.7,2,Tier 3 (ECDH+AES),0.1447,5.5275
197,DDoS Attack,1,1,1512.3,2,Tier 3 (ECDH+AES),0.1445,5.5199
198,DDoS Attack,1,1,1692.0,2,Tier 3 (ECDH+AES),0.1533,5.8561
199,DDoS Attack,1,1,1681.4,2,Tier 3 (ECDH+AES),0.1452,5.5466
200,DDoS Attack,1,1,1568.9,2,Tier 3 (ECDH+AES),0.145,5.539
201,DDoS Attack,1,1,1424.1,2,Tier 3 (ECDH+AES),0.1452,5.5466
202,DDoS Attack,1,1,838.3,2,Tier 3 (ECDH+AES),0.2254,8.6103
203,DDoS Attack,1,1,919.7,2,Tier 3 (ECDH+AES),0.1851,7.0708
204,DDoS Attack,1,1,1693.5,2,Tier 3 (ECDH+AES),0.2311,8.828
205,DDoS Attack,1,1,1386.8,2,Tier 3 (ECDH+AES),0.1501,5.7338
206,DDoS Attack,1,1,759.7,2,Tier 3 (ECDH+AES),0.1829,6.9868
207,DDoS Attack,0,1,856.5,1,Tier 2 (AES-CTR),0.0147,0.1837
208,DDoS Attack,1,1,1446.7,2,Tier 3 (ECDH+AES),0.1487,5.6803
209,DDoS Attack,1,1,755.3,2,Tier 3 (ECDH+AES),0.1551,5.9248
210,DDoS Attack,1,1,918.8,2,Tier 3 (ECDH+AES),0.1469,5.6116
211,DDoS Attack,1,1,1326.2,2,Tier 3 (ECDH+AES),0.1455,5.5581
212,DDoS Attack,1,1,1476.5,2,Tier 3 (ECDH+AES),0.1629,6.2228
213,DDoS Attack,1,1,1434.6,2,Tier 3 (ECDH+AES),0.1518,5.7988
214,DDoS Attack,1,1,985.5,2,Tier 3 (ECDH+AES),0.1517,5.7949
215,DDoS Attack,1,1,1497.8,2,Tier 3 (ECDH+AES),0.1522,5.814
216,DDoS Attack,1,1,999.1,2,Tier 3 (ECDH+AES),0.152,5.8064
217,DDoS Attack,1,1,1091.7,2,Tier 3 (ECDH+AES),0.1658,6.3336
218,DDoS Attack,1,1,1533.8,2,Tier 3 (ECDH+AES),0.145,5.539
219,DDoS Attack,1,1,1432.1,2,Tier 3 (ECDH+AES),0.1446,5.5237
220,DDoS Attack,1,1,1641.7,2,Tier 3 (ECDH+AES),0.1519,5.8026
221,DDoS Attack,1,1,1440.5,2,Tier 3 (ECDH+AES),0.1458,5.5696
222,DDoS Attack,1,1,1346.7,2,Tier 3 (ECDH+AES),0.1484,5.6689
223,DDoS Attack,1,1,848.4,2,Tier 3 (ECDH+AES),0.145,5.539
224,DDoS Attack,1,1,1136.1,2,Tier 3 (ECDH+AES),0.1455,5.5581
225,DDoS Attack,1,1,1028.5,2,Tier 3 (ECDH+AES),0.1967,7.5139
226,DDoS Attack,1,1,1006.2,2,Tier 3 (ECDH+AES),0.224,8.5568
227,DDoS Attack,1,1,1771.7,2,Tier 3 (ECDH+AES),0.3154,12.0483
228,DDoS Attack,1,1,1162.8,2,Tier 3 (ECDH+AES),0.2138,8.1672
229,DDoS Attack,1,1,1686.6,2,Tier 3 (ECDH+AES),0.1914,7.3115
230,DDoS Attack,1,1,1412.7,2,Tier 3 (ECDH+AES),0.1793,6.8493
231,DDoS Attack,1,1,1584.6,2,Tier 3 (ECDH+AES),0.286,10.9252
232,DDoS Attack,1,1,1277.8,2,Tier 3 (ECDH+AES),0.1575,6.0165
233,DDoS Attack,1,1,1355.7,2,Tier 3 (ECDH+AES),0.1557,5.9477
234,DDoS Attack,1,1,1267.1,2,Tier 3 (ECDH+AES),0.1556,5.9439
235,DDoS Attack,1,1,955.0,2,Tier 3 (ECDH+AES),0.1567,5.9859
236,DDoS Attack,1,1,1508.6,2,Tier 3 (ECDH+AES),0.1679,6.4138
237,DDoS Attack,1,1,1044.8,2,Tier 3 (ECDH+AES),0.1474,5.6307
238,DDoS Attack,1,1,775.5,2,Tier 3 (ECDH+AES),0.1475,5.6345
239,DDoS Attack,1,1,1427.7,2,Tier 3 (ECDH+AES),0.1473,5.6269
240,DDoS Attack,1,1,936.0,2,Tier 3 (ECDH+AES),0.1474,5.6307
241,DDoS Attack,1,1,1737.5,2,Tier 3 (ECDH+AES),0.147,5.6154
242,DDoS Attack,1,1,1751.6,2,Tier 3 (ECDH+AES),0.1474,5.6307
243,DDoS Attack,1,1,1710.6,2,Tier 3 (ECDH+AES),0.1471,5.6192
244,DDoS Attack,1,1,1138.7,2,Tier 3 (ECDH+AES),0.3968,15.1578
245,DDoS Attack,1,1,766.2,2,Tier 3 (ECDH+AES),0.319,12.1858
246,DDoS Attack,1,1,1724.7,2,Tier 3 (ECDH+AES),0.159,6.0738
247,DDoS Attack,1,1,1199.6,2,Tier 3 (ECDH+AES),0.1861,7.109
248,DDoS Attack,1,1,1765.0,2,Tier 3 (ECDH+AES),0.149,5.6918
249,DDoS Attack,1,1,1761.8,2,Tier 3 (ECDH+AES),0.1486,5.6765
250,DDoS Attack,1,1,1645.7,2,Tier 3 (ECDH+AES),0.1481,5.6574
251,Benign,0,0,58.3,0,Tier 1 (ChaCha20),0.0697,0.2161
252,Benign,0,0,70.1,0,Tier 1 (ChaCha20),0.017,0.0527
253,Benign,0,0,130.6,0,Tier 1 (ChaCha20),0.0119,0.0369
254,Benign,0,0,61.2,0,Tier 1 (ChaCha20),0.0111,0.0344
255,Benign,0,0,42.0,0,Tier 1 (ChaCha20),0.011,0.0341
256,Benign,0,0,92.4,0,Tier 1 (ChaCha20),0.0109,0.0338
257,Benign,0,0,141.7,0,Tier 1 (ChaCha20),0.0105,0.0325
258,Benign,0,0,110.5,0,Tier 1 (ChaCha20),0.0103,0.0319
259,Benign,0,0,94.1,0,Tier 1 (ChaCha20),0.0104,0.0322
260,Benign,0,0,32.6,0,Tier 1 (ChaCha20),0.0102,0.0316
261,Benign,0,0,100.0,0,Tier 1 (ChaCha20),0.0103,0.0319
262,Benign,0,0,148.7,0,Tier 1 (ChaCha20),0.0105,0.0325
263,Benign,0,0,38.2,0,Tier 1 (ChaCha20),0.0101,0.0313
264,Benign,0,0,87.4,0,Tier 1 (ChaCha20),0.01,0.031
265,Benign,0,0,134.1,0,Tier 1 (ChaCha20),0.0101,0.0313
266,Benign,0,0,116.3,0,Tier 1 (ChaCha20),0.0105,0.0325
267,Benign,0,0,110.6,0,Tier 1 (ChaCha20),0.01,0.031
268,Benign,0,0,111.3,0,Tier 1 (ChaCha20),0.0102,0.0316
269,Benign,0,0,66.7,0,Tier 1 (ChaCha20),0.0186,0.0577
270,Benign,0,0,58.2,0,Tier 1 (ChaCha20),0.011,0.0341
271,Benign,0,0,125.2,0,Tier 1 (ChaCha20),0.0102,0.0316
272,Benign,0,0,125.3,0,Tier 1 (ChaCha20),0.0104,0.0322
273,Benign,0,0,132.7,0,Tier 1 (ChaCha20),0.0102,0.0316
274,Benign,0,0,138.7,0,Tier 1 (ChaCha20),0.0101,0.0313
275,Benign,0,0,86.5,0,Tier 1 (ChaCha20),0.0099,0.0307
276,Benign,0,0,85.2,0,Tier 1 (ChaCha20),0.01,0.031
277,Benign,0,0,123.8,0,Tier 1 (ChaCha20),0.0103,0.0319
278,Benign,0,0,104.5,0,Tier 1 (ChaCha20),0.0102,0.0316
279,Benign,0,0,111.3,0,Tier 1 (ChaCha20),0.0102,0.0316
280,Benign,0,0,123.5,0,Tier 1 (ChaCha20),0.01,0.031
281,Benign,0,0,135.7,0,Tier 1 (ChaCha20),0.01,0.031
282,Benign,0,0,63.9,0,Tier 1 (ChaCha20),0.0099,0.0307
283,Benign,0,0,68.8,0,Tier 1 (ChaCha20),0.01,0.031
284,Benign,0,0,32.2,0,Tier 1 (ChaCha20),0.01,0.031
285,Benign,0,0,95.2,0,Tier 1 (ChaCha20),0.01,0.031
286,Benign,0,0,24.7,0,Tier 1 (ChaCha20),0.0101,0.0313
287,Benign,0,0,80.5,0,Tier 1 (ChaCha20),0.0101,0.0313
288,Benign,0,0,90.5,0,Tier 1 (ChaCha20),0.0099,0.0307
289,Benign,0,0,57.3,0,Tier 1 (ChaCha20),0.0101,0.0313
290,Benign,0,0,96.8,0,Tier 1 (ChaCha20),0.0101,0.0313
291,Benign,0,0,24.0,0,Tier 1 (ChaCha20),0.0101,0.0313
292,Benign,0,0,24.9,0,Tier 1 (ChaCha20),0.0101,0.0313
293,Benign,0,0,126.9,0,Tier 1 (ChaCha20),0.0098,0.0304
294,Benign,0,0,66.8,0,Tier 1 (ChaCha20),0.0099,0.0307
295,Benign,0,0,36.5,0,Tier 1 (ChaCha20),0.01,0.031
296,Benign,0,0,87.9,0,Tier 1 (ChaCha20),0.0098,0.0304
297,Benign,0,0,120.1,0,Tier 1 (ChaCha20),0.01,0.031
298,Benign,0,0,48.1,0,Tier 1 (ChaCha20),0.01,0.031
299,Benign,0,0,101.0,0,Tier 1 (ChaCha20),0.0099,0.0307
300,Benign,0,0,31.1,0,Tier 1 (ChaCha20),0.0099,0.0307
301,Benign,0,0,26.7,0,Tier 1 (ChaCha20),0.0102,0.0316
302,Benign,0,0,89.1,0,Tier 1 (ChaCha20),0.0099,0.0307
303,Benign,0,0,90.3,0,Tier 1 (ChaCha20),0.0103,0.0319
304,Benign,0,0,102.9,0,Tier 1 (ChaCha20),0.0098,0.0304
305,Benign,0,0,114.4,0,Tier 1 (ChaCha20),0.0098,0.0304
306,Benign,0,0,146.9,0,Tier 1 (ChaCha20),0.0098,0.0304
307,Benign,0,0,87.1,0,Tier 1 (ChaCha20),0.0096,0.0298
308,Benign,0,0,62.0,0,Tier 1 (ChaCha20),0.01,0.031
309,Benign,0,0,123.4,0,Tier 1 (ChaCha20),0.0098,0.0304
310,Benign,0,0,55.2,0,Tier 1 (ChaCha20),0.0099,0.0307
311,Benign,0,0,77.1,0,Tier 1 (ChaCha20),0.0097,0.0301
312,Benign,0,0,30.2,0,Tier 1 (ChaCha20),0.0097,0.0301
313,Benign,0,0,23.3,0,Tier 1 (ChaCha20),0.0099,0.0307
314,Benign,0,0,145.1,0,Tier 1 (ChaCha20),0.0098,0.0304
315,Benign,0,0,128.7,0,Tier 1 (ChaCha20),0.0097,0.0301
316,Benign,0,0,110.5,0,Tier 1 (ChaCha20),0.0097,0.0301
317,Benign,0,0,73.2,0,Tier 1 (ChaCha20),0.0099,0.0307
318,Benign,0,0,42.5,0,Tier 1 (ChaCha20),0.0096,0.0298
319,Benign,0,0,40.3,0,Tier 1 (ChaCha20),0.0098,0.0304
320,Benign,0,0,52.5,0,Tier 1 (ChaCha20),0.0096,0.0298
321,Benign,0,0,91.4,0,Tier 1 (ChaCha20),0.0096,0.0298
322,Benign,0,0,112.9,0,Tier 1 (ChaCha20),0.0099,0.0307
323,Benign,0,0,105.8,0,Tier 1 (ChaCha20),0.0098,0.0304
324,Benign,0,0,56.4,0,Tier 1 (ChaCha20),0.0097,0.0301
325,Benign,0,0,144.1,0,Tier 1 (ChaCha20),0.0097,0.0301
326,Benign,0,0,115.9,0,Tier 1 (ChaCha20),0.0096,0.0298
327,Benign,0,0,92.1,0,Tier 1 (ChaCha20),0.0097,0.0301
328,Benign,0,0,99.5,0,Tier 1 (ChaCha20),0.0097,0.0301
329,Benign,0,0,74.5,0,Tier 1 (ChaCha20),0.01,0.031
330,Benign,0,0,52.2,0,Tier 1 (ChaCha20),0.0098,0.0304
331,Benign,0,0,66.3,0,Tier 1 (ChaCha20),0.0096,0.0298
332,Benign,0,0,118.5,0,Tier 1 (ChaCha20),0.01,0.031
333,Benign,0,0,21.9,0,Tier 1 (ChaCha20),0.0098,0.0304
334,Benign,0,0,35.1,0,Tier 1 (ChaCha20),0.0097,0.0301
335,Benign,0,0,26.0,0,Tier 1 (ChaCha20),0.0096,0.0298
336,Benign,0,0,25.3,0,Tier 1 (ChaCha20),0.0097,0.0301
337,Benign,0,0,131.2,0,Tier 1 (ChaCha20),0.0096,0.0298
338,Benign,0,0,111.5,0,Tier 1 (ChaCha20),0.0096,0.0298
339,Benign,0,0,81.6,0,Tier 1 (ChaCha20),0.0098,0.0304
340,Benign,0,0,32.7,0,Tier 1 (ChaCha20),0.0096,0.0298
341,Benign,0,0,83.9,0,Tier 1 (ChaCha20),0.0099,0.0307
342,Benign,0,0,81.6,0,Tier 1 (ChaCha20),0.0161,0.0499
343,Benign,0,0,42.5,0,Tier 1 (ChaCha20),0.0111,0.0344
344,Benign,0,0,76.4,0,Tier 1 (ChaCha20),0.0162,0.0502
345,Benign,0,0,71.8,0,Tier 1 (ChaCha20),0.0301,0.0933
346,Benign,0,0,100.1,0,Tier 1 (ChaCha20),0.011,0.0341
347,Benign,0,0,102.6,0,Tier 1 (ChaCha20),0.0108,0.0335
348,Benign,0,0,25.9,0,Tier 1 (ChaCha20),0.0103,0.0319
349,Benign,0,0,68.7,0,Tier 1 (ChaCha20),0.0105,0.0325
350,Benign,0,0,101.4,0,Tier 1 (ChaCha20),0.0303,0.0939
